<application>
  <component name="FileTypeManager" version="18">
    <ignoreFiles list="*$py.class;*.pyc;*.pyo;*.rbc;*.yarb;*~;.DS_Store;.git;.hg;.svn;CVS;__pycache__;_svn;vssver.scc;vssver2.scc;" />
    <extensionMap>
      <removed_mapping ext="ddl" type="OdpsQL" />
      <mapping pattern="dead" type="PLAIN_TEXT" />
      <mapping pattern="test" type="PLAIN_TEXT" />
      <mapping pattern="Python2和Python3的区别.md" type="PLAIN_TEXT" />
      <mapping pattern="chain_metric" type="PLAIN_TEXT" />
      <mapping pattern="agent" type="PLAIN_TEXT" />
      <mapping pattern="diff" type="PLAIN_TEXT" />
      <mapping pattern="chromedriver" type="PLAIN_TEXT" />
      <mapping pattern="boss.sql" type="PLAIN_TEXT" />
      <mapping pattern="heredoc" type="PLAIN_TEXT" />
      <mapping pattern="branch" type="PLAIN_TEXT" />
      <mapping pattern="省市区行政编码" type="PLAIN_TEXT" />
      <mapping pattern="command" type="PLAIN_TEXT" />
      <mapping pattern="poi_key" type="PLAIN_TEXT" />
      <mapping pattern="test_oss" type="PLAIN_TEXT" />
      <mapping pattern="Bacardi Mixers,&#9;Mojito-295ml" type="PLAIN_TEXT" />
      <mapping pattern="tmpo8xk4nqp" type="PLAIN_TEXT" />
      <mapping pattern="old_district" type="PLAIN_TEXT" />
      <mapping pattern="sss" type="PLAIN_TEXT" />
      <mapping pattern="api_urls_config" type="PLAIN_TEXT" />
      <mapping pattern="tmp2mfzo7hb" type="PLAIN_TEXT" />
      <mapping ext="sq;" type="PLAIN_TEXT" />
      <mapping ext="json" type="PLAIN_TEXT" />
      <mapping ext="model" type="PLAIN_TEXT" />
      <mapping ext="ddl" type="SQL" />
      <removed_mapping ext="ignore" approved="true" type="IgnoreLang file" />
      <removed_mapping ext="json" approved="true" type="JSON" />
      <removed_mapping ext="sql" approved="true" type="SQL" />
    </extensionMap>
  </component>
</application>