<keymap version="1" name="Goook's Keymap" parent="Mac OS X 10.5+">
  <action id="$Delete">
    <keyboard-shortcut first-keystroke="meta back_space" />
  </action>
  <action id="$LRU">
    <keyboard-shortcut first-keystroke="shift meta n" />
  </action>
  <action id="ActivateFavoritesToolWindow" />
  <action id="ActivateFindToolWindow" />
  <action id="ActivateProjectToolWindow" />
  <action id="Arrangement.Alias.Rule.Remove">
    <keyboard-shortcut first-keystroke="meta back_space" />
  </action>
  <action id="Arrangement.Rule.Remove">
    <keyboard-shortcut first-keystroke="meta back_space" />
  </action>
  <action id="CallHierarchy">
    <keyboard-shortcut first-keystroke="ctrl meta h" />
  </action>
  <action id="CloseProject">
    <keyboard-shortcut first-keystroke="shift meta w" />
  </action>
  <action id="CollapseBlock" />
  <action id="Console.TableResult.CompareCells" />
  <action id="Debug" />
  <action id="Debugger.RemoveArrayFilter">
    <keyboard-shortcut first-keystroke="meta back_space" />
  </action>
  <action id="Debugger.RemoveCustomField">
    <keyboard-shortcut first-keystroke="meta back_space" />
  </action>
  <action id="Diff.ShowSettingsPopup" />
  <action id="DomElementsTreeView.DeleteElement">
    <keyboard-shortcut first-keystroke="meta back_space" />
  </action>
  <action id="DuplicatesForm.SendToLeft" />
  <action id="DuplicatesForm.SendToRight" />
  <action id="Editor LRU">
    <keyboard-shortcut first-keystroke="shift meta n" />
  </action>
  <action id="EditorBackSpace">
    <keyboard-shortcut first-keystroke="back_space" />
    <keyboard-shortcut first-keystroke="shift back_space" />
    <keyboard-shortcut first-keystroke="ctrl h" />
  </action>
  <action id="EditorCutLineEnd" />
  <action id="EditorDelete">
    <keyboard-shortcut first-keystroke="delete" />
    <keyboard-shortcut first-keystroke="ctrl d" />
  </action>
  <action id="EditorDeleteLine">
    <keyboard-shortcut first-keystroke="meta back_space" />
    <keyboard-shortcut first-keystroke="shift meta d" />
    <keyboard-shortcut first-keystroke="ctrl u" />
  </action>
  <action id="EditorDeleteToLineEnd">
    <keyboard-shortcut first-keystroke="ctrl k" />
  </action>
  <action id="EditorDeleteToLineStart">
    <keyboard-shortcut first-keystroke="ctrl j" />
  </action>
  <action id="EditorEscape" />
  <action id="FileChooser.GotoHome" />
  <action id="FileChooser.GotoModule" />
  <action id="FileChooser.GotoProject" />
  <action id="Graph.Delete">
    <keyboard-shortcut first-keystroke="meta back_space" />
  </action>
  <action id="GuiDesigner.QuickJavadoc">
    <keyboard-shortcut first-keystroke="f1" />
    <mouse-shortcut keystroke="control button2" />
  </action>
  <action id="NavBar-cancel" />
  <action id="NewScratchFile" />
  <action id="NextProjectWindow">
    <keyboard-shortcut first-keystroke="shift meta period" />
  </action>
  <action id="NextTab">
    <keyboard-shortcut first-keystroke="meta 3" />
  </action>
  <action id="PopupMenu-cancel" />
  <action id="PreviousProjectWindow">
    <keyboard-shortcut first-keystroke="shift meta comma" />
  </action>
  <action id="PreviousTab">
    <keyboard-shortcut first-keystroke="meta 1" />
  </action>
  <action id="PropertyInspectorActions.RemoveProperty">
    <keyboard-shortcut first-keystroke="meta back_space" />
  </action>
  <action id="QuickJavaDoc">
    <keyboard-shortcut first-keystroke="f1" />
    <mouse-shortcut keystroke="control button2" />
  </action>
  <action id="RenameElement">
    <keyboard-shortcut first-keystroke="ctrl meta r" />
  </action>
  <action id="ReopenClosedTab">
    <keyboard-shortcut first-keystroke="meta 2" />
  </action>
  <action id="RerunTests">
    <keyboard-shortcut first-keystroke="shift alt r" />
  </action>
  <action id="RunDashboard.RemoveConfiguration">
    <keyboard-shortcut first-keystroke="meta back_space" />
  </action>
  <action id="RunDashboard.UngroupConfigurations">
    <keyboard-shortcut first-keystroke="meta back_space" />
  </action>
  <action id="Scala.ShowImplicits">
    <keyboard-shortcut first-keystroke="shift ctrl alt equals" />
    <keyboard-shortcut first-keystroke="shift ctrl alt add" />
  </action>
  <action id="TagDocumentationNavigation" />
  <action id="Terminal.SwitchFocusToEditor" />
  <action id="TypeHierarchy">
    <keyboard-shortcut first-keystroke="alt h" />
  </action>
  <action id="TypeHierarchyBase.BaseOnThisType" />
  <action id="Uml.ShowDiff" />
  <action id="XDebugger.RemoveWatch">
    <keyboard-shortcut first-keystroke="meta back_space" />
  </action>
</keymap>