<keymap version="1" name="Mac OS X copy" parent="Mac OS X">
  <action id="EditorDown">
    <keyboard-shortcut first-keystroke="ctrl n" />
    <keyboard-shortcut first-keystroke="down" />
  </action>
  <action id="EditorUp">
    <keyboard-shortcut first-keystroke="ctrl p" />
    <keyboard-shortcut first-keystroke="up" />
  </action>
  <action id="Generate">
    <keyboard-shortcut first-keystroke="ctrl enter" />
  </action>
  <action id="NewElement" />
  <action id="VimPluginToggle">
    <keyboard-shortcut first-keystroke="ctrl semicolon" />
  </action>
</keymap>