<keymap version="1" name="SimonMa's Keymap" parent="$default">
  <action id="$ChooseTranslatorAction" />
  <action id="$Copy">
    <keyboard-shortcut first-keystroke="ctrl c" />
  </action>
  <action id="$Cut">
    <keyboard-shortcut first-keystroke="ctrl x" />
  </action>
  <action id="$EditorTranslateAction" />
  <action id="$Paste">
    <keyboard-shortcut first-keystroke="ctrl v" />
  </action>
  <action id="$Redo">
    <keyboard-shortcut first-keystroke="shift ctrl z" />
  </action>
  <action id="$Undo">
    <keyboard-shortcut first-keystroke="ctrl z" />
  </action>
  <action id="ActivateEventLogToolWindow">
    <keyboard-shortcut first-keystroke="shift ctrl l" />
  </action>
  <action id="ActivateFavoritesToolWindow">
    <keyboard-shortcut first-keystroke="ctrl k" />
  </action>
  <action id="ActivateFindToolWindow">
    <keyboard-shortcut first-keystroke="ctrl u" />
  </action>
  <action id="ActivateHierarchyToolWindow">
    <keyboard-shortcut first-keystroke="shift ctrl o" />
  </action>
  <action id="ActivateProjectToolWindow">
    <keyboard-shortcut first-keystroke="shift ctrl e" />
  </action>
  <action id="ActivateRunToolWindow">
    <keyboard-shortcut first-keystroke="alt a" />
  </action>
  <action id="ActivateStructureToolWindow">
    <keyboard-shortcut first-keystroke="shift ctrl p" />
  </action>
  <action id="ActivateTODOToolWindow">
    <keyboard-shortcut first-keystroke="ctrl l" />
  </action>
  <action id="ActivateTerminalToolWindow">
    <keyboard-shortcut first-keystroke="alt q" />
  </action>
  <action id="ActivateVersionControlToolWindow">
    <keyboard-shortcut first-keystroke="shift ctrl g" />
  </action>
  <action id="Activate调试ToolWindow">
    <keyboard-shortcut first-keystroke="f6" />
  </action>
  <action id="Arrangement.Alias.Rule.Edit" />
  <action id="Arrangement.Rule.Edit" />
  <action id="Arrangement.Rule.Group.Condition.Move.Up" />
  <action id="Arrangement.Rule.Match.Condition.Move.Down" />
  <action id="Arrangement.Rule.Match.Condition.Move.Up" />
  <action id="AutoIndentLines" />
  <action id="CallHierarchy">
    <keyboard-shortcut first-keystroke="ctrl m" />
  </action>
  <action id="ChangeSignature">
    <keyboard-shortcut first-keystroke="alt f2" />
  </action>
  <action id="ChangeSplitOrientation">
    <keyboard-shortcut first-keystroke="alt back_slash" />
  </action>
  <action id="ChangesView.GroupBy.Directory" />
  <action id="ChangesView.Move" />
  <action id="ChangesView.Rename">
    <keyboard-shortcut first-keystroke="shift f6" />
  </action>
  <action id="CheckinProject" />
  <action id="ChooseDebugConfiguration" />
  <action id="ChooseRunConfiguration" />
  <action id="CloseActiveTab" />
  <action id="CloseAllEditors">
    <keyboard-shortcut first-keystroke="shift ctrl w" />
  </action>
  <action id="CloseContent">
    <keyboard-shortcut first-keystroke="ctrl w" />
  </action>
  <action id="CodeGlance.toggle" />
  <action id="CollapseExpandableComponent">
    <keyboard-shortcut first-keystroke="ctrl subtract" />
    <keyboard-shortcut first-keystroke="ctrl minus" />
  </action>
  <action id="CommentByBlockComment">
    <keyboard-shortcut first-keystroke="ctrl slash" />
  </action>
  <action id="CommentByLineComment">
    <keyboard-shortcut first-keystroke="ctrl r" />
  </action>
  <action id="CompareTwoFiles" />
  <action id="Console.Execute.Multiline" />
  <action id="Console.Jdbc.Execute" />
  <action id="Console.TableResult.EditValue">
    <keyboard-shortcut first-keystroke="enter" />
  </action>
  <action id="Console.TableResult.EditValueMaximized">
    <keyboard-shortcut first-keystroke="shift alt enter" />
  </action>
  <action id="Console.TableResult.Submit" />
  <action id="ContextHelp" />
  <action id="CopyElement" />
  <action id="CopyPaths" />
  <action id="CopyReference" />
  <action id="DatabaseView.CopyDdlAction">
    <keyboard-shortcut first-keystroke="shift ctrl alt g" />
  </action>
  <action id="DatabaseView.CopyTable" />
  <action id="DatabaseView.PropertiesAction" />
  <action id="DecrementWindowHeight" />
  <action id="Diff.ShowDiff" />
  <action id="Diff.ShowSettingsPopup" />
  <action id="DirDiffMenu.SynchronizeDiff.All" />
  <action id="EditSource" />
  <action id="EditorAddOrRemoveCaret">
    <mouse-shortcut keystroke="control button1" />
  </action>
  <action id="EditorAddRectangularSelectionOnMouseDrag">
    <mouse-shortcut keystroke="shift button1" />
  </action>
  <action id="EditorBackSpace">
    <keyboard-shortcut first-keystroke="back_space" />
  </action>
  <action id="EditorCloneCaretAbove">
    <keyboard-shortcut first-keystroke="ctrl alt up" />
  </action>
  <action id="EditorCloneCaretBelow">
    <keyboard-shortcut first-keystroke="ctrl alt down" />
  </action>
  <action id="EditorCodeBlockEnd" />
  <action id="EditorCodeBlockEndWithSelection" />
  <action id="EditorCodeBlockStart" />
  <action id="EditorCodeBlockStartWithSelection" />
  <action id="EditorCompleteStatement" />
  <action id="EditorContextInfo" />
  <action id="EditorCreateRectangularSelection" />
  <action id="EditorCreateRectangularSelectionOnMouseDrag" />
  <action id="EditorDeleteLine">
    <keyboard-shortcut first-keystroke="ctrl d" />
  </action>
  <action id="EditorDuplicate">
    <keyboard-shortcut first-keystroke="shift ctrl c" />
  </action>
  <action id="EditorFocusGutter" />
  <action id="EditorJoinLines">
    <keyboard-shortcut first-keystroke="ctrl j" />
  </action>
  <action id="EditorMatchBrace" />
  <action id="EditorMoveDownAndScroll">
    <keyboard-shortcut first-keystroke="shift ctrl down" />
  </action>
  <action id="EditorMoveUpAndScroll">
    <keyboard-shortcut first-keystroke="shift ctrl up" />
  </action>
  <action id="EditorPasteFromX11" />
  <action id="EditorPasteSimple" />
  <action id="EditorResetFontSize">
    <keyboard-shortcut first-keystroke="ctrl numpad0" />
  </action>
  <action id="EditorScrollToCenter" />
  <action id="EditorSelectWord">
    <keyboard-shortcut first-keystroke="shift ctrl close_bracket" />
  </action>
  <action id="EditorShowGutterIconTooltip" />
  <action id="EditorSplitLine" />
  <action id="EditorStartNewLine">
    <keyboard-shortcut first-keystroke="ctrl enter" />
  </action>
  <action id="EditorStartNewLineBefore">
    <keyboard-shortcut first-keystroke="shift enter" />
  </action>
  <action id="EditorToggleColumnMode" />
  <action id="EditorUnSelectWord">
    <keyboard-shortcut first-keystroke="shift ctrl open_bracket" />
  </action>
  <action id="EmmetNextEditPoint" />
  <action id="EmmetPreviousEditPoint" />
  <action id="EvaluateExpression" />
  <action id="ExpandExpandableComponent">
    <keyboard-shortcut first-keystroke="ctrl add" />
    <keyboard-shortcut first-keystroke="ctrl equals" />
  </action>
  <action id="ExpressionTypeInfo" />
  <action id="ExternalJavaDoc">
    <keyboard-shortcut first-keystroke="f1" />
  </action>
  <action id="FileChooser.GotoDesktop" />
  <action id="FileChooser.NewFolder">
    <keyboard-shortcut first-keystroke="alt insert" />
  </action>
  <action id="FileChooser.TogglePathShowing" />
  <action id="FileStructurePopup" />
  <action id="Find">
    <keyboard-shortcut first-keystroke="ctrl f" />
  </action>
  <action id="FindNext" />
  <action id="FindPrevious" />
  <action id="FindWordAtCaret" />
  <action id="ForceRunToCursor">
    <keyboard-shortcut first-keystroke="shift ctrl f5" />
  </action>
  <action id="ForceStepInto" />
  <action id="ForceStepOver" />
  <action id="Generate">
    <keyboard-shortcut first-keystroke="shift ctrl x" />
  </action>
  <action id="Git.Reword.Commit">
    <keyboard-shortcut first-keystroke="shift f6" />
  </action>
  <action id="GotoChangedFile" />
  <action id="GotoClass" />
  <action id="GotoCustomRegion" />
  <action id="GotoDeclaration">
    <mouse-shortcut keystroke="alt button1" />
    <keyboard-shortcut first-keystroke="shift ctrl d" />
  </action>
  <action id="GotoFile" />
  <action id="GotoImplementation" />
  <action id="GotoLine" />
  <action id="GotoNextElementUnderCaretUsage">
    <keyboard-shortcut first-keystroke="ctrl quote" />
  </action>
  <action id="GotoNextError" />
  <action id="GotoPrevElementUnderCaretUsage">
    <keyboard-shortcut first-keystroke="shift ctrl quote" />
  </action>
  <action id="GotoPreviousError" />
  <action id="GotoRelated" />
  <action id="GotoSuperMethod">
    <keyboard-shortcut first-keystroke="ctrl i" />
  </action>
  <action id="GotoSymbol" />
  <action id="GotoTest" />
  <action id="GotoTypeDeclaration" />
  <action id="Graph.ActualSize">
    <keyboard-shortcut first-keystroke="ctrl divide" />
  </action>
  <action id="Graph.ApplyCurrentLayout" />
  <action id="HideActiveWindow">
    <keyboard-shortcut first-keystroke="ctrl p" />
  </action>
  <action id="HideAllWindows">
    <keyboard-shortcut first-keystroke="shift ctrl b" />
  </action>
  <action id="Images.Editor.ActualSize">
    <keyboard-shortcut first-keystroke="ctrl divide" />
  </action>
  <action id="Images.Editor.ToggleGrid" />
  <action id="Images.ShowThumbnails" />
  <action id="Images.Thumbnails.UpFolder" />
  <action id="ImplementMethods">
    <keyboard-shortcut first-keystroke="shift ctrl i" />
  </action>
  <action id="IncrementWindowHeight" />
  <action id="Inline" />
  <action id="InsertLiveTemplate">
    <keyboard-shortcut first-keystroke="alt enter" />
  </action>
  <action id="InspectCode">
    <keyboard-shortcut first-keystroke="shift ctrl j" />
  </action>
  <action id="InvalidateCaches">
    <keyboard-shortcut first-keystroke="shift ctrl m" />
  </action>
  <action id="JumpToLastChange" />
  <action id="JumpToLastWindow" />
  <action id="ManageRecentProjects">
    <keyboard-shortcut first-keystroke="ctrl b" />
  </action>
  <action id="MaximizeToolWindow" />
  <action id="MethodDown" />
  <action id="MethodHierarchy" />
  <action id="MethodUp" />
  <action id="Move" />
  <action id="MoveElementLeft" />
  <action id="MoveElementRight" />
  <action id="MoveLineDown" />
  <action id="MoveLineUp" />
  <action id="MoveStatementDown">
    <keyboard-shortcut first-keystroke="alt down" />
  </action>
  <action id="MoveStatementUp">
    <keyboard-shortcut first-keystroke="alt up" />
  </action>
  <action id="NewDir">
    <keyboard-shortcut first-keystroke="shift ctrl n" />
  </action>
  <action id="NewElement">
    <keyboard-shortcut first-keystroke="ctrl n" />
  </action>
  <action id="NewScratchFile" />
  <action id="NextEditorTab" />
  <action id="NextOccurence" />
  <action id="NextProjectWindow" />
  <action id="NextSplitter">
    <keyboard-shortcut first-keystroke="ctrl alt close_bracket" />
  </action>
  <action id="OpenElementInNewWindow" />
  <action id="OpenFile">
    <keyboard-shortcut first-keystroke="ctrl o" />
  </action>
  <action id="OptimizeImports" />
  <action id="OverrideMethods" />
  <action id="ParameterInfo">
    <keyboard-shortcut first-keystroke="shift ctrl space" />
  </action>
  <action id="ParserActionId" />
  <action id="PasteMultiple" />
  <action id="PopupHector" />
  <action id="PrevSplitter">
    <keyboard-shortcut first-keystroke="ctrl alt open_bracket" />
  </action>
  <action id="PreviousEditorTab" />
  <action id="PreviousOccurence" />
  <action id="PreviousProjectWindow" />
  <action id="QuickChangeScheme" />
  <action id="QuickEvaluateExpression" />
  <action id="QuickImplementations">
    <keyboard-shortcut first-keystroke="ctrl g" />
  </action>
  <action id="QuickJavaDoc">
    <keyboard-shortcut first-keystroke="ctrl q" />
  </action>
  <action id="RecentChanges" />
  <action id="RecentLocations">
    <keyboard-shortcut first-keystroke="alt x" />
  </action>
  <action id="Refactorings.QuickListPopupAction">
    <keyboard-shortcut first-keystroke="shift ctrl r" />
  </action>
  <action id="ReformatCode">
    <keyboard-shortcut first-keystroke="ctrl t" />
  </action>
  <action id="Refresh" />
  <action id="RenameElement">
    <keyboard-shortcut first-keystroke="f2" />
  </action>
  <action id="ReopenClosedTab">
    <keyboard-shortcut first-keystroke="shift ctrl t" />
  </action>
  <action id="Replace">
    <keyboard-shortcut first-keystroke="ctrl h" />
  </action>
  <action id="ReplaceInPath">
    <keyboard-shortcut first-keystroke="shift ctrl h" />
  </action>
  <action id="Rerun" />
  <action id="ResizeToolWindowDown" />
  <action id="ResizeToolWindowLeft" />
  <action id="ResizeToolWindowRight" />
  <action id="ResizeToolWindowUp" />
  <action id="RestoreDefaultLayout" />
  <action id="Resume" />
  <action id="Run">
    <keyboard-shortcut first-keystroke="f5" />
  </action>
  <action id="RunDashboard.Run">
    <keyboard-shortcut first-keystroke="shift ctrl f10" />
  </action>
  <action id="RunDashboard.ShowConfigurations" />
  <action id="RunInspection" />
  <action id="RunToCursor">
    <keyboard-shortcut first-keystroke="shift f5" />
  </action>
  <action id="SafeDelete" />
  <action id="SaveAs" />
  <action id="SelectAllOccurrences">
    <keyboard-shortcut first-keystroke="shift ctrl y" />
  </action>
  <action id="SelectIn" />
  <action id="SelectNextOccurrence">
    <keyboard-shortcut first-keystroke="ctrl y" />
  </action>
  <action id="SendEOF" />
  <action id="SetShortcutAction" />
  <action id="ShelveChanges.UnshelveWithDialog" />
  <action id="ShelvedChanges.Rename">
    <keyboard-shortcut first-keystroke="shift f6" />
  </action>
  <action id="ShowBookmarks">
    <keyboard-shortcut first-keystroke="shift alt q" />
  </action>
  <action id="ShowContent" />
  <action id="ShowErrorDescription" />
  <action id="ShowExecutionPoint" />
  <action id="ShowFilePath">
    <keyboard-shortcut first-keystroke="alt r" />
  </action>
  <action id="ShowIntentionActions" />
  <action id="ShowNavBar" />
  <action id="ShowReformatFileDialog" />
  <action id="ShowSearchHistory" />
  <action id="ShowSettings">
    <keyboard-shortcut first-keystroke="shift ctrl s" />
  </action>
  <action id="SmartStepInto" />
  <action id="SmartTypeCompletion" />
  <action id="SplitVertically">
    <keyboard-shortcut first-keystroke="ctrl back_slash" />
  </action>
  <action id="StepInto" />
  <action id="StepOut" />
  <action id="StepOver" />
  <action id="Stop">
    <keyboard-shortcut first-keystroke="f4" />
  </action>
  <action id="StopBackgroundProcesses" />
  <action id="SurroundWith">
    <keyboard-shortcut first-keystroke="ctrl close_bracket" />
  </action>
  <action id="SurroundWithLiveTemplate" />
  <action id="SwitchCoverage" />
  <action id="Synchronize" />
  <action id="TodoViewGroupByShowModules" />
  <action id="TodoViewGroupByShowPackages" />
  <action id="ToggleBookmark">
    <keyboard-shortcut first-keystroke="shift ctrl q" />
  </action>
  <action id="ToggleBookmarkWithMnemonic" />
  <action id="ToggleFullScreen">
    <keyboard-shortcut first-keystroke="f11" />
  </action>
  <action id="ToggleLineBreakpoint">
    <keyboard-shortcut first-keystroke="alt d" />
  </action>
  <action id="ToggleTemporaryLineBreakpoint" />
  <action id="TypeHierarchy" />
  <action id="Uml.ShowDiff" />
  <action id="UnselectPreviousOccurrence">
    <keyboard-shortcut first-keystroke="ctrl alt y" />
  </action>
  <action id="Unsplit">
    <keyboard-shortcut first-keystroke="shift ctrl back_slash" />
  </action>
  <action id="Unwrap">
    <keyboard-shortcut first-keystroke="ctrl open_bracket" />
  </action>
  <action id="UpdateRunningApplication" />
  <action id="Vcs.Log.FocusTextFilter" />
  <action id="Vcs.Log.Refresh" />
  <action id="Vcs.MoveChangedLinesToChangelist" />
  <action id="Vcs.QuickListPopupAction" />
  <action id="Vcs.ShowMessageHistory">
    <keyboard-shortcut first-keystroke="ctrl e" />
  </action>
  <action id="Vcs.UpdateProject" />
  <action id="VcsShowNextChangeMarker" />
  <action id="VcsShowPrevChangeMarker" />
  <action id="ViewBreakpoints" />
  <action id="ViewSource" />
  <action id="WD.UploadCurrentRemoteFileAction" />
  <action id="WebOpenInAction" />
  <action id="XDebugger.AttachToProcess" />
  <action id="XDebugger.EditWatch" />
  <action id="XDebugger.MoveWatchDown" />
  <action id="XDebugger.SetValue" />
  <action id="XPathView.Actions.ShowPath" />
  <action id="hg4idea.QRefresh" />
  <action id="openAssertEqualsDiff" />
  <action id="调试">
    <keyboard-shortcut first-keystroke="ctrl f5" />
  </action>
</keymap>